"plot_id","zmax","zmean","zsd","zskew","zkurt","zentropy","pzabovezmean","pzabove2","zq5","zq10","zq15","zq20","zq25","zq30","zq35","zq40","zq45","zq50","zq55","zq60","zq65","zq70","zq75","zq80","zq85","zq90","zq95","zpcum1","zpcum2","zpcum3","zpcum4","zpcum5","zpcum6","zpcum7","zpcum8","zpcum9","itot","imax","imean","isd","iskew","ikurt","ipground","ipcumzq10","ipcumzq30","ipcumzq50","ipcumzq70","ipcumzq90","p1th","p2th","p3th","p4th","p5th","pground","n","area","site_type"
"AGG_O_01__1",28.67,4.43341591160342,4.09327398982803,0.244165934762819,1.60477040844485,0.627448733519173,50.5611967972362,57.7987139817834,0,0,0,0,0.09,0.15,0.28,1.17,3.11,4.57,5.56,6.3,6.93,7.53,8.1,8.66,9.24,9.88,10.81,29.041737778092,44.0357290730436,73.9090918271513,96.3609464467851,99.8773012330469,100,100,100,100,7510802134,32859,29756.7109232311,1144.77757626265,-0.0143295338832511,2.32551183492091,21.8119152092151,21.9047853298168,30.8927189080974,50.2862829910359,70.050203255694,90.0004633646231,51.4557837143978,35.2581346793076,11.5333568403412,1.62436065560781,0.122817512984981,21.4451263237549,252407,4345.76490004193,"AGG"
"AGG_O_01__2",17.18,4.47290720343282,4.08448120025039,0.257459877850349,1.69841349393646,0.744634668349529,50.9375125470095,59.1081251087408,0,0,0,0,0.06,0.14,0.31,1.67,3.41,4.66,5.53,6.24,6.9,7.5,8.05,8.57,9.15,9.84,10.89,21.5440454481694,28.0403983728433,38.0219292093328,53.8627437228223,73.9298405573479,90.2142656754103,97.2682003085987,99.3483190723337,99.9018095104503,6662641886,32846,29723.1042795898,1138.95173217437,0.0318755162355536,2.3442134551519,24.0345300617888,24.089005719675,30.7083160555149,50.2235807995519,69.9379693630437,89.9577634300605,51.2377485423163,34.7377061613066,12.0058708851385,1.85316541531159,0.15703279397922,23.6164830899771,224157,3167.0700000004,"AGG"
"AGG_O_01__3",23.13,5.3503734845945,4.6505739863888,0.173821222357509,1.61411103113678,0.730737018592295,51.2610790120941,61.9867997846051,0,0,0,0.05,0.14,0.3,1.21,2.65,4.32,5.68,6.67,7.51,8.24,8.88,9.46,10.06,10.72,11.45,12.46,24.7374703812738,33.4431320456667,46.4385725569038,66.970632584189,88.5608889208013,98.1165182738565,99.8290191713937,99.9412113161485,99.9950635456308,8162134231,32957,29697.334600719,1136.36522655323,0.00114616822302166,2.29481793884379,19.1020176815811,19.1605973479365,30.4517657840023,50.1583388747874,69.9110452548989,89.9488257754432,50.0760431371978,34.6094511795782,12.7508695842005,2.32932136048085,0.222307927406092,18.8659748802957,274844,2918.15439998072,"AGG"
"AGG_O_01__4",65.73,16.2724129755395,17.1804737457719,1.03586274767305,2.77303876450823,0.857858031205706,33.0101087696632,76.7075789583952,0,0.17,0.6,1.41,2.36,3.58,5.11,6.71,8.43,9.93,11.55,13.26,15.15,18.92,25.82,33.96,41.21,46.26,51.5,35.2340686871108,56.7947512891472,68.6024783082494,73.4381377861495,77.5619108962428,82.5484857903586,89.0123840516483,95.2811782636863,99.3293064257013,8578865058,32924,29955.706681565,1253.96388667161,-0.100193985726241,2.04951875784435,6.7864737475627,10.153722282736,30.3197961317088,50.2089303174583,70.2367163868729,90.0286327711579,45.5114618433228,32.693751418545,15.6429282259895,4.96743893709517,1.03217696457566,6.72416502260942,286385,3853.83320001364,"AGG"
"AGG_O_01__5",73.6,20.2597805807203,18.597439320135,0.878933631799828,2.64856923282554,0.889608162290305,37.0593701893405,83.1076239864362,0,0.13,1.22,3.11,5.05,6.98,9.16,11.4,13.42,15.24,16.96,18.83,21.4,25.35,30.0975000000003,39.23,45.77,50.93,58.25,25.154767531674,44.2982911205131,63.2481391389891,72.2659657455549,76.6966786945344,81.6246459848825,89.6767846781104,95.0462861556552,99.5292607664787,8376741419,32957,29712.5537162234,1220.38459219064,0.0813299765656182,2.11104421027476,7.69601134562609,10.2009199670629,30.1040293577671,50.1520927991295,70.1111432624491,89.9995815902838,40.5081475280747,32.3120251413491,17.935557557657,6.90216581656179,1.9345502011166,7.65945673687422,281926,3505.51999996975,"AGG"
"AGG_O_07__11",51.12,16.1155395156149,15.3857004436849,0.204555315346967,1.35058320044173,0.755125379902306,49.4939451880178,60.1032504780115,0,0,0,0.05,0.21,0.96,1.55,2.02,3.18,15.54,20.09,24.48,27.21,29.31,31.4,33.43,35.1215000000002,36.65,38.48,32.7138338237266,34.3222712177267,37.8830786706529,44.851659317341,52.5254596944048,66.9264567835985,84.1081021385355,98.0768168874094,99.8651089777469,4671789076,32888,29775.5836583811,1166.87135791075,0.00553746775136648,2.16127064785317,19.4959779900817,19.5126183175313,30.5141438923986,50.4630901063394,70.150222552556,89.9876757835032,44.8992989165073,33.6392606755895,15.8954748247291,4.5717017208413,0.880815806246017,19.1867431485022,156900,3525.95879998323,"AGG"
"AGG_O_07__12",39.98,3.22975331674946,3.93587013665554,3.68879236744928,25.304609595263,0.575157039394277,40.758547008547,59.4742632988902,0,0,0,0,0.17,0.79,1.39,1.96,2.36,2.68,2.98,3.27,3.56,3.89,4.35,5,5.95,7.12,8.82,63.1976345648193,91.0395842072416,97.5373691695399,98.0161856334599,98.6576769216603,99.0986382377917,99.239827707922,99.5498306749471,99.8608567540746,3780780307,32950,30143.9940282562,1210.37452120184,-0.206154592077201,2.17728336694776,22.0721398557581,22.0849798506951,30.0841204894691,50.0130654113672,70.243293879916,90.1145544662297,54.9480163286133,34.2334800357188,9.47824977675724,1.23022706977931,0.106040311264192,22.0579793340987,125424,4306.54139997313,"AGG"
"AGG_O_07__13",14.62,2.72866237718906,2.6725125147167,1.06648752304761,3.68787487358108,0.73702287591308,43.1399300874311,55.5288248068524,0,0,0,0,0.1,0.5,1.25,1.68,2.04,2.35,2.63,2.89,3.16,3.48,3.88,4.52,5.52,6.87,8.37,18.6291905966843,48.8088363449282,72.8746469556818,82.149869281732,89.0049662442384,94.9245613850887,98.4660289995065,99.6619174112533,99.931753514694,3750372159,33068,30276.9228701289,1235.65607184351,-0.319405089852911,2.1144357219318,23.0820886114625,23.116928540531,30.016332733767,50.164235874171,70.4230503008062,90.1978698002595,59.2085186769894,31.9305072294117,7.81955130016388,0.967150780259791,0.0710427952110698,23.074376962759,123869,4008.13920002545,"AGG"
"AGG_O_07__14",47.28,4.67431803274023,7.11002959264803,3.34413741887077,15.369196198179,0.625071657442586,30.8108031028976,61.3720625142596,0,0,0,0,0.45,1.3,1.75,2.09,2.42,2.76,3.14,3.57,4.12,4.8,5.68,6.55,7.63,9.00500000000014,19.23,61.6136765643379,88.824939617322,93.1464538083737,93.6582475106175,94.5929444299785,95.6587323678091,97.5002918121986,98.4583337074515,99.566322178625,4222774827,32964,30107.6233957906,1205.25810952081,-0.185643799141176,2.15411110763363,20.6142538890341,20.6529696403346,30.1538899222959,50.2755790677162,70.3621007448049,90.1294760181159,55.4464693132558,33.2199691991786,9.71865731234314,1.46517796030116,0.144735341090577,20.5538443988136,140256,3929.82450002606,"AGG"
"AGG_O_07__15",50.07,12.2771476782893,15.2315005056019,0.829254283011359,2.02499238954526,0.720240831607008,35.8810535519796,55.4357330224424,0,0,0,0.06,0.24,0.63,1.16,1.61,2.05,2.53,3.16,4.42,14.83,23.36,27.24,30.83,34.04,36.71,39.75,51.8130402708684,55.024873739762,56.9239790417463,59.2221991034104,65.9050069041179,73.5695235212893,83.7100648797927,94.3083587114835,98.4848771445325,3942469154,33219,30238.760787863,1277.05950368423,-0.253397152750647,2.05213740751134,19.1157224967853,19.1552727618373,30.4362359761915,50.5890214252264,70.4576467308995,90.1115503312318,55.7110862262038,31.5843163723941,10.1727285278191,2.18825261930694,0.318305235545874,18.8620779579377,130378,2816.50630001691,"AGG"
"EPO_O_13__34",36.63,13.373874800213,11.7875362242436,0.118644498847213,1.33892897171406,0.830115205319712,49.3510255727224,67.5303010122536,0,0,0,0.15,0.55,1.44,2.55,4.29,8.57,12.82,16.73,20.22,22.44,23.94,25.17,26.32,27.42,28.54,30.04,25.7229685339911,31.9907782466577,36.6480055137057,42.2314386015824,48.0619405180787,56.0310186248786,72.2440540246424,91.537993381941,99.3095776453091,8913698916,32816,29680.6703383058,1076.23015359727,0.0802977224214025,2.1736380328779,17.5203302211246,17.6412697671154,30.4621466081388,50.2554075386048,69.9725078082276,89.9081754109362,47.2902237613213,34.6936600958977,14.2990809802877,3.23787959509856,0.436534363345765,17.2659163558871,300320,4555.53300001112,"EPO"
"EPO_O_13__35",35.95,13.486874312865,12.1634451109073,0.153657303326887,1.33883900071782,0.832981462421883,48.8499153927783,66.9926673741169,0,0,0,0,0.32,1.26,2.42,3.77,7.57,12.5,16.62,20,22.76,24.45,25.83,27.1080000000002,28.27,29.47,30.84,24.2923751892885,30.7159146002047,34.8709845396922,40.1932089565639,45.9415943928702,53.1288718105259,65.5007092707978,83.720289933143,97.8434576502487,6189985539,32954,29588.5581351995,1060.80261220529,0.162148925048024,2.25933394875631,20.3391264174648,20.4594430474969,30.496914849093,50.2952642196795,70.0161691282426,89.9253063020766,45.6749935469068,34.8772956281489,15.2689744839915,3.6376325274137,0.503341268247913,20.0198850871407,209202,5021.13919998977,"EPO"
"EPO_O_13__36",37.25,13.9236126008824,10.5680424522697,-0.0831506988524784,1.5019760779088,0.865524760780415,53.7786012148884,74.6703224215169,0,0,0,0.44,1.9,3.62,6.89,10.47,13.37,15.69,17.65,19.62,21.24,22.58,23.61,24.59,25.64,26.88,28.38,17.0389270169598,23.5847511972821,30.0487099371001,38.3423612721889,49.1984008950622,63.0807329685773,84.3575609556426,97.1831466346482,99.5279092930919,5170707752,32934,29659.2676941785,1111.0605762813,0.120544604252938,2.14193816870103,16.0785582337046,16.1711234535848,30.3071645345622,50.03733726779,69.9358107911104,89.9395663814341,45.8135679746698,34.0679259136041,15.2021659200285,4.11272420656544,0.725606153599064,15.8291125808061,174337,5058.04229996627,"EPO"
"EPO_O_13__37",38.61,15.469333143821,12.8547654568109,0.0668098724687633,1.43292993177672,0.859700395669863,49.8649725928352,70.5244748762506,0,0,0,0.13,0.51,2.29,5.54,9.19,12.38,15.38,18.54,21.86,24.37,26.24,27.95,29.71,31.07,32.21,33.78,19.3911596079157,25.7732568892177,32.6421305714814,40.2641020898835,47.4614388755317,54.7623451081931,66.8126502681709,81.1614573700758,96.0377288699834,4810002826,33003,29724.5862723166,1118.41314080718,0.108151358547375,2.25121525010065,16.6247609809616,16.8026988182065,30.5825041109862,50.2744025830641,70.0624750319014,89.9505088981002,47.9665552252826,34.9588120060067,13.586167260952,3.00211965220401,0.439997775292147,16.290423250669,161819,5027.51700001221,"EPO"
"EPO_O_13__38",41.78,16.827337164894,14.9467215732714,0.135388365780078,1.29877079529628,0.846975117555263,47.7246059446491,70.7401289975411,0,0,0.09,0.33,1,2.14,2.97,5.1,9.8,14.38,20.05,26.29,28.92,30.78,32.34,33.48,34.72,36.04,37.8,29.7882025559983,34.883880720077,40.3007764188539,45.0477531949979,48.8542668682149,52.0922083276075,60.7831180431496,76.7022811598186,93.6804314964958,3972802949,33059,29691.8778559204,1130.89085059305,0.152890010643111,2.31109740956131,13.0194673795788,13.1619936531617,30.4437001916855,50.3810126173967,70.0040166276065,89.945660352962,48.0444839724666,34.9750749247016,13.6306903535848,2.89459720031988,0.41628986330446,12.8407112054469,133801,4199.29739998005,"EPO"
"EPO_Y_15__46",27.52,9.7381385860846,8.51785015068925,0.189214029367444,1.35901770627154,0.832435674008959,46.6572845708837,70.8864705289118,0,0,0.07,0.21,0.65,2.21,3.18,4.04,4.92,6.31,11.84,14.91,16.38,17.48,18.36,19.16,20,20.92,22.08,22.4847516777108,39.6899200286779,45.0759912068447,47.4524626633561,51.0419467244442,60.4207851633956,77.7872667942412,93.9786918863637,99.6647214182916,6396201865,33000,29320.7387025203,1124.68600255163,-0.0125534660840725,2.08740954712295,13.0154670157522,13.1113233869144,30.0841641432466,50.027714674074,69.7204265925713,89.82351101891,41.9595133534422,33.6086840923052,17.755539867795,5.50090306491982,1.05021407681094,12.947750589055,218146,5241.00539995224,"EPO"
"EPO_Y_15__47",27.52,9.88232987804303,8.58085004088867,0.214725553139449,1.38121402960174,0.852633860569019,46.8116802866422,72.5735526580508,0,0.03,0.18,0.42,1.44,2.45,3.19,3.9,4.75,6.53,11.66,14.59,16.31,17.65,18.65,19.53,20.38,21.29,22.47,24.7651792478319,42.3090574853916,46.6627110473032,49.505459284492,53.6652168615339,61.9937381132755,76.062851966243,92.5434809097218,99.4755272540408,6129743618,32839,29362.3533880687,1152.01277158064,0.00793325742844149,2.1595424171238,9.5591843887132,10.0994756971906,30.1171317765871,50.1184276285012,69.7840545147577,89.8247674475575,43.5036069782815,33.482147134057,16.7765206311493,5.07036721242372,1.0121573849647,9.51178854389209,208762,5112.22439998749,"EPO"
"EPO_Y_15__48",28.33,11.6288555880698,8.7654576923103,0.042817603714022,1.31995101490702,0.875375299587961,48.818424861428,82.4625049772154,0,0.34,1.22,2.58,3.47,4.2,4.89,5.64,6.62,10.03,15.94,17.8,18.82,19.62,20.31,20.99,21.7,22.46,23.46,16.6042990166217,36.5972031623411,45.7709377907794,48.0884705756344,50.3644993071501,54.6507969447661,69.76362772203,90.708447413695,99.4832075939029,4617425163,32967,29183.390087283,1166.92296655941,0.103467181519561,2.1693892366743,5.5454272448595,10.0890171373634,29.9393476926829,49.9454622563203,69.6696378487683,89.8091984950704,40.0174439549744,32.7586097926318,18.5639074459143,6.72666713015339,1.61799002660835,5.56247274382035,158221,5088.65159994472,"EPO"
"EPO_Y_15__49",25.74,9.38095592510764,7.6946827755061,0.234770106760271,1.40915510947446,0.865902698784816,44.9036709694926,77.9563515137419,0,0.17,0.52,1.55,2.53,3.22,3.84,4.42,5.02,5.81,9.19,13.83,15.39,16.45,17.29,18.06,18.81,19.63,20.7,19.5544389168976,41.8516910954559,50.7094921705452,52.1919134586491,55.0899803011585,62.5696971720477,78.1718473506727,94.1395946712964,99.5859904510701,3763219477,32865,29175.6365236268,1196.47382328788,0.0927472628779781,2.16655335417199,7.06508218893341,10.209810757737,30.0009281387975,50.0760977805707,69.8128467142816,89.8261312331106,39.7418304454006,32.4510602007985,18.9742993371322,7.04345466527116,1.55909601891693,7.06826375159902,128985,5190.40639996817,"EPO"
"EPO_Y_15__50",25.36,8.77815927930342,8.03531357990105,0.379827313027126,1.42498066851204,0.821776699442257,40.3175213925438,72.6024876412577,0,0,0.11,0.43,1.585,2.4,3.07,3.71,4.32,4.93,5.69,9.46,15.54,17.02,17.81,18.48,19.1050000000001,19.81,20.75,20.9317704789197,44.0151812840836,53.1210764910532,54.5203615139114,56.1534996501787,59.1015823421731,70.9034972541427,91.7068402035672,99.3530702805279,3497076877,34418,29251.7576348169,1218.48578874317,0.00402975965340538,2.07891547769721,12.77362067554,12.8157975006965,30.0282879940817,50.0239679174774,69.7844889556313,89.7887120426606,39.8984533797292,32.9039489422924,18.9542538330922,6.61725957959365,1.4102767856396,12.6816170504638,119551,4661.45159997938,"EPO"
"EPY_O_07__66",27.75,9.9127195548934,7.64325133348702,0.0112662434052222,1.56952286079438,0.870716737736726,50.8659634333629,73.7367396430026,0,0,0,0,1.4,3.63,5.24,6.84,8.48,10.25,12.06,13.68,14.94,15.93,16.86,17.77,18.68,19.72,21.07,8.27875344434274,18.7267907025274,29.6011913513206,39.5033506755892,50.1225972597023,66.8171664619427,85.6843393264502,96.853732221026,99.8008090944876,7592677163,33167,28371.006621304,1585.03856023354,0.341087750064104,2.26135731044721,22.1059981606912,22.1352382949987,30.8389191418595,50.0460567389463,69.5588522021821,89.7521342038391,27.3386617642113,26.203847979045,21.7053220786112,14.1270677562673,7.08763512579357,21.1836888734442,267621,3025.48560002576,"EPY"
"EPY_O_07__67",21.47,7.1983649009083,5.89451618869829,0.125339534471618,1.58750627998583,0.85223851626411,49.0930652621628,69.7132752625004,0,0,0,0,0.12,1.89,3.44,4.67,5.82,6.99,8.25,9.5,10.74,11.79,12.71,13.53,14.29,15.13,16.15,9.15213004174384,19.3907057750256,31.5124540403063,42.6881928510215,54.1453570342521,68.6451220523595,86.1714538467918,97.4682774445028,99.8728333287258,6772775550,33200,28582.9009672845,1743.21107416383,0.340955875681187,2.19585603650299,25.0602671308073,25.0804437628234,31.5798794188595,50.6857015658817,69.8771075766714,89.8080976269766,29.4730578344981,27.4300280225531,21.6984874573753,13.1494986326345,5.90330531078024,23.6507815928965,236952,2548.79519997364,"EPY"
"EPY_O_07__68",26.68,8.55628524524894,7.0356879379647,0.226650347948226,1.79351066845436,0.864556634386928,48.9965338870445,71.6940881034714,0,0,0,0,0.34,2.64,4.13,5.52,6.88,8.26,9.69,11.09,12.38,13.46,14.51,15.6,16.75,18.16,19.97,9.56851284369432,21.4928856393463,34.1604949303281,46.2772471865818,60.3982149709066,76.5533590189699,89.0948178439834,96.6691020714958,99.4144515871305,7015029145,33239,28505.1388070558,1751.84154163648,0.393193447629802,2.22412671260706,23.9824172818886,24.0162744469966,31.4094061686183,50.5065122719458,69.8797157028775,89.8305443177172,29.2571628260401,26.5626968227975,21.2164309195155,13.3849660906065,6.49134284448815,22.6613896146641,246097,2648.72499999765,"EPY"
"EPY_O_07__69",29.52,11.4831568512175,8.64584250295719,-0.0379337792281056,1.54870892450838,0.884076449461366,51.1584791070267,75.7468981421898,0,0,0,0.02,2.49,4.43,6.3,8.13,9.87,12.03,14.3,16.06,17.31,18.4,19.38,20.31,21.28,22.39,23.83,7.40242085741958,17.6044195631686,27.801206519898,36.9912572910197,45.1928129981021,58.6187127848547,77.3228113911461,92.9363428288505,99.2217121464154,8127250429,33006,28269.778770666,1647.81196086961,0.427664018153556,2.29564241598533,20.9099418043785,20.9363598779786,30.8862997508108,50.0338195251151,69.5538718461213,89.7250036492016,26.6528458480151,25.0207834038868,21.0515880607606,14.4916848992483,7.99300147136064,19.8849347279374,287489,2766.94380002588,"EPY"
"EPY_O_07__70",29.29,10.7572001117509,8.30319032924629,0.0633763118081324,1.61618351929102,0.881699733113109,49.5202470937,75.2633131043474,0,0,0,0.03,2.18,4.17,5.79,7.35,8.89,10.58,12.6,14.52,15.96,17.19,18.31,19.31,20.43,21.67,23.29,8.23510302580286,19.2562341439267,31.0914392673721,41.3073912505414,50.6427510673844,64.7225573912505,81.6904894499103,94.2094393911268,99.327470453561,9116485598,33121,28299.3235903087,1668.14931993857,0.445574221794882,2.32439943708322,20.7828547814045,20.8111150574978,31.027761483225,50.2231804545873,69.6782447108079,89.7400800347318,26.9325924661255,24.9133154324916,20.9306368250322,14.4922317589905,8.03582237812165,19.7060329975632,322145,3249.18719998409,"EPY"
"EPY_Y_04__81",16.23,1.59673891925859,2.03833490525392,1.0669481431363,2.9867090005639,0.514942674013695,37.3307175101427,34.2488714500676,0,0,0,0,0,0,0,0.06,0.13,0.26,0.78,1.27,1.91,2.51,3.09,3.64,4.2,4.81,5.65,41.7100382866715,63.1027159607562,84.8289064369466,96.6050490547978,99.7517348648002,100,100,100,100,6426758740,32973,30603.0301327594,1184.90358243045,-0.508434859358988,2.31873952024746,36.5627425435298,36.9831228486414,36.9831228486414,50.9369124380729,70.6094539655926,90.1829488934573,70.6691301118074,24.4823908116036,4.51229500390469,0.325708081750824,0.010475990933506,35.9078874688101,210004,2595.56929998481,"EPY"
"EPY_Y_04__82",24.81,2.34191738823912,2.51086542581839,0.760186567393522,2.43213880124772,0.555303666460039,42.5140023291003,45.2669354902598,0,0,0,0,0,0.05,0.14,0.45,0.97,1.4,2.03350000000006,2.65,3.21,3.77,4.31,4.86,5.45,6.15,7.07,42.9774974354497,73.7531920466203,95.1306283693825,99.923609140712,99.9978174040204,99.9978174040204,99.9989087020102,100,100,7624066300,32849,30199.3452376237,1165.86867330949,-0.157390351684134,2.10731738151989,27.4542855693687,27.9054382042821,30.8004415963696,50.777549245604,70.4391301791276,90.1390041689433,63.0465265509511,29.273780193141,6.92867724532397,0.716950938373908,0.0332728612284023,26.963692970712,252458,2595.73440000415,"EPY"
"EPY_Y_04__83",9.8,1.56169019377787,2.14157748198394,1.26387959515532,3.50234358178585,0.629088005363918,35.5894916310705,31.6717692998698,0,0,0,0,0,0,0,0.04,0.09,0.16,0.38,1.07,1.63,2.19,2.82,3.49,4.23,5.1,6.12,35.8009726250776,49.5735746136196,62.1585350015152,73.290330028717,82.5216098821017,90.5335007287473,96.0157005353767,98.732989884122,99.8109586273576,6658346786,32905,30516.5581333529,1210.59004314489,-0.441083065247237,2.175085012523,36.4721560178587,37.2417536018677,37.2417536018677,51.2881844361178,70.7925201179211,90.2854217602477,70.5813335288833,24.2671457642033,4.75644856729059,0.387739014061268,0.00733312556144243,35.7260710946523,218188,2795.54000001865,"EPY"
"EPY_Y_04__84",9.19,0.885453224314808,1.5314127110791,2.27160151804465,7.84257813585193,0.419906432466006,26.81326424262,15.4749497232946,0,0,0,0,0,0,0,0.02,0.07,0.13,0.22,0.4,0.6,0.77,0.96,1.27,2.1,3.17,4.6,57.1738815694223,73.0852758071522,80.6355870855654,86.8539163167801,91.7668066213021,95.3887360648617,97.8403551952126,99.3219439216254,99.8503933207857,4236450880,32914,31094.130323092,1075.95295836541,-1.27174833421643,3.85900721088385,39.0507393773913,39.6782297166632,39.6782297166632,51.1486374651416,70.952333147316,90.4467257743822,84.0611834475875,13.6297579378477,2.16226531421106,0.143857434346696,0.00293586600707544,38.5449848068934,136246,2400.76400000624,"EPY"
"EPY_Y_04__85",13.78,0.907222708930582,1.42618189654038,2.10893477260078,7.47733801697611,0.393377386239188,30.8258999681427,16.338802166295,0,0,0,0,0,0,0,0.03,0.1,0.18,0.330500000000029,0.58,0.76,0.94,1.16,1.56,2.19,2.96,4.18,64.3321628300169,81.5992543460355,91.6330688862878,96.8894958165344,99.273854424069,99.9132960506351,100,100,100,4674622672,33023,31025.1584368695,1090.14495806119,-1.12162275314544,3.51924718513007,38.9247876817725,39.3468975585373,39.3468975585373,51.0287768954713,71.1261538586916,90.422420130683,82.3245194860359,15.5476797281512,2.00700860146543,0.115482637782733,0.00530954656472337,38.3428905171498,150672,3072.171300012,"EPY"
"NRM_O_19__101",31.13,11.90504507265,7.96415805669117,0.157453132764691,1.79937654802916,0.914730709730305,44.8739744983691,86.8216862706336,0,0.16,3.01,4.79,5.89,6.71,7.44,8.12,8.88,9.93,11.84,14.55,16.47,18.01,19.28,20.51,21.69,22.9,24.35,6.94775892740921,19.8556211220549,42.3417364515989,51.8104308586801,58.8357486874648,69.8187399661561,84.0380526749685,96.2240204798889,99.47769774808,5849215955,33098,28907.857838292,1691.17007119224,0.098867620533761,1.99936318790668,8.60960022461677,9.78779317441016,29.4208005182124,49.7211312486068,69.4155761769955,89.6833646826774,30.0034595235742,27.7873875654838,21.4396560245132,12.6979341702086,5.65434417317387,8.84402490856973,202340,5035.25909999471,"NRM"
"NRM_O_19__102",31.22,12.6941241587751,8.53096625628506,0.0303666640892058,1.65577500057877,0.92883437828367,47.6759447602215,85.8114715094724,0,0.08,2.33700000000004,4.21,5.58,6.67,7.73,8.72,9.83,11.39,14.37,16.74,18.31,19.59,20.69,21.76,22.82,23.88,25.18,8.19602921700508,20.3738296137364,37.0371227148913,46.881957978868,52.8028546147485,62.8981048272831,78.3654207607294,93.7818440487413,99.2776714301412,5557070009,33268,29058.2465344412,1777.51250510052,0.0827310768973626,1.92423432479264,9.35714988578255,9.80115622293575,29.4717530703688,49.4563248537256,69.2402914803732,89.6426692651372,31.7649642593822,27.4907314930532,20.6312519935787,12.2114213105067,5.5103822964981,9.54826159935996,191239,5013.88799995824,"NRM"
"NRM_O_19__103",34.28,14.4092110077545,8.74505541789876,-0.099203503908307,1.79109848836267,0.933058156370988,50.0129886639363,88.6578564835541,0,1.44,3.87,6.04,7.49,8.65,9.67,10.73,12.15,14.41,16.81,18.69,20.12,21.19,22.21,23.27,24.32,25.43,26.86,7.60848854380031,16.7174772543229,33.2914542942886,44.7012099271186,52.3454246653646,64.4345734292383,82.1720335349878,96.0153384461487,99.4111132282189,5267832953,33088,29115.7922974459,1822.61742625841,0.0690996946192617,1.86896978494507,6.99641492599167,9.77892143877934,29.3795251065927,49.2654665999239,69.1313395183889,89.6937900870449,33.0144201805148,27.6459566565521,20.017465607676,11.7080369430765,5.32479950477264,7.14100161943767,180927,4991.2929000033,"NRM"
"NRM_O_19__104",35.31,14.4596246343491,9.4847419296397,-0.068231075574441,1.63826848833261,0.93712050632792,51.4852714182399,87.3746532387768,0,0.78,2.63,4.17,5.75,7.275,8.71,10.41,12.52,15.22,17.59,19.19,20.69,22.02,23.09,24.15,25.18,26.36,27.9,10.8630384075299,23.0533310615096,35.196032925776,43.2982179893185,51.2194405438276,63.7646077285092,81.2474662311032,95.400144534991,99.444774120011,5363817993,33039,28948.8574042291,1693.45441515816,0.109622991839853,1.9947677803725,8.02983972539875,9.87642078257222,29.7057838666302,49.5271997943797,69.4074680546305,89.7256354015143,30.1263991882819,27.3231652688276,21.207754498451,12.8039895081118,5.89790917824336,8.12365748086742,185286,4510.94799997388,"NRM"
"NRM_O_19__105",34.31,14.3543724554433,9.45661016557845,-0.164708864173451,1.59150257388384,0.924251618177398,53.9329159542933,85.7892276847763,0,0.19,2.18,3.31,5.25,6.94,8.61,10.57,13.65,16.51,18.36,19.7,20.83,21.88,22.83,23.7,24.59,25.65,27.09,12.4011410185348,22.8183428192892,33.4139977558166,39.6754045613703,46.689153564331,60.3043166732009,80.0139247522611,95.3777933999378,99.4119158025659,4740910757,33147,29156.5340955216,1780.42859938958,0.0476824554853132,1.92464916434667,8.95071069147316,9.9890428711565,29.7346699875878,49.3876404980386,69.332872320929,89.7405014367369,33.5906077416022,28.7880837874073,20.2371434545701,11.06566954896,4.54975953555307,8.99681430732709,162602,4261.15350003371,"NRM"
"NRM_Y_41__111",40.62,11.8459966100994,6.84658927247047,0.118207794752613,2.19892151001467,0.825130128878395,43.4610058083053,90.1272590724626,0,2.2,5.42,6.69,7.44,7.99,8.47,8.95,9.45,10.09,11.2,13.64,15.59,16.7,17.69,18.69,19.78,21.01,22.7919999999998,5.84399297717582,26.5200135735257,54.0860738576845,65.417017070184,86.275247495537,97.1952964782602,99.7572994585344,100,100,4327076197,32793,29813.7359667073,1021.0283404503,0.0861892058549834,2.13651616470976,6.43024988080653,9.80697798421505,29.7801524940422,49.9905555048861,69.8724389946304,89.8714188045993,48.071132791776,33.6013559602307,14.1473228742498,3.59935784810214,0.523643178514094,6.55380778161323,145137,3095.61580000314,"NRM"
"NRM_Y_41__112",32.19,10.7326831481618,6.65734235050265,0.230851212302398,2.11438928964585,0.872150249961075,44.4049984058078,89.6714737694062,0,1.66,4.35,5.29,5.95,6.5,7,7.51,8.09,8.86,10.46,12.69,14.5,15.57,16.55,17.46,18.44,19.7,21.51,5.78279266572638,24.4241807983731,49.8291074884377,57.7144356611015,70.6478171023715,87.856463410634,96.7573063928888,99.237051858169,99.8169711680388,4853055820,32675,29756.553479018,986.624672566627,0.0758194457887307,2.16499232457351,6.37858350452684,9.83873245455479,29.8040461236648,49.9394341810806,69.7975627653094,89.8684003597552,47.5878645181861,34.3462585534545,14.1570401981704,3.39440315895323,0.469060407622691,6.48652294410517,163092,3388.04409997557,"NRM"
"NRM_Y_41__113",26.72,10.3066527145233,5.91411578024105,0.0580778833762725,2.08883123131145,0.881268417133798,43.160558085737,89.8785512903925,0,1.78,4.79,5.82,6.43,6.91,7.34,7.78,8.28,8.88,9.75,11.71,13.75,14.823,15.67,16.44,17.22,18.16,19.58,3.88465038146567,11.0621155207142,38.1380120233623,54.6495259871056,60.9971769207438,75.523980619522,91.7368547941796,98.3621474067334,99.8950094491496,4108453812,32819,29700.3817826936,953.567254598276,0.0739581030858046,2.25081049416158,6.88642963865453,9.8245495865392,29.7783991005714,49.899181901768,69.766156786966,89.8827042478627,49.2141979324803,34.4827586206897,13.1482686329791,2.78175377719945,0.352779585050242,7.01149425287356,138330,2618.73359998211,"NRM"
"NRM_Y_41__114",26.97,9.5938123988,5.72590477682143,0.0746765482987225,2.19667102974742,0.884844853569821,45.824599279519,87.7160501575268,0,0.41,3.64,5.11,5.83,6.36,6.83,7.31,7.83,8.53,9.85,11.55,12.71,13.56,14.35,15.21,16.03,17.04,18.47,6.01505804898287,15.1750311158871,42.7236433133149,53.9389652522257,66.9443858778081,84.62297066605,95.5485577871333,98.7220382096293,99.7850793370106,4748636966,32918,29802.288004117,997.07385907285,0.00751727494802645,2.22896140195264,7.59499209104207,9.90180854772885,29.8834032199209,49.9027238756495,69.748494351421,89.8505385766312,51.6637588020435,34.1305903174384,11.7203680226939,2.23863736208563,0.234093562113244,7.68743174886091,159338,3274.47049999251,"NRM"
"NRM_Y_41__115",38.57,10.0004742192041,5.24382731399408,0.0448845964835985,2.51174594599941,0.784788718651878,45.5292966811744,91.4052199554844,0,3.69,5.44,6.11,6.58,7.02,7.46,7.92,8.43,9.11,10.13,11.42,12.59,13.4610000000001,14.17,14.93,15.8,16.84,18.44,4.47547277980191,33.8508075161994,58.0446114040447,81.8340914405546,96.5949293564763,99.617551879427,99.9939653156517,99.9992456644565,99.9992456644565,4188819214,32770,29692.3544664502,939.837177140229,0.0119956695174584,2.32368607819144,5.91552373928736,9.83221270623211,29.8763736524438,49.9137369312115,69.7757065817355,89.9018370717395,52.4370188695295,33.9034832782795,11.3061230276309,2.12016388562031,0.219742830004111,6.00961197669308,141074,3277.94579997077,"NRM"
"NRO_138__121",42.98,16.5169543150253,11.7304402887855,0.0703194214817334,1.57367679736332,0.894032528532607,45.7827638959714,83.7213906470288,0,0.08,1.25,4.62,6.9,8.53,9.79,10.83,11.84,13.19,17.45,22.66,25.37,26.93,28.13,29.13,30.2,31.57,33.34,11.1709162082099,23.0963023698688,44.0515234870927,50.1534066864156,54.3099344054168,62.643488150656,82.9586330935252,96.5338023698688,99.7487304274228,4924581944,32793,29544.2417974023,1106.84237581099,0.0673106368673664,1.97983144832561,9.2304868955187,10.1042555826745,29.8997712850324,50.027091436698,69.7242913214889,89.7923416704953,41.2922578516363,33.1127575966644,18.1072082070972,6.0995290518043,1.2352641209467,9.22518522962474,166685,3215.22630000356,"NRO"
"NRO_138__122",46.23,16.943699552966,12.1058735923704,0.19295747809338,1.56124372533654,0.871695689477139,44.0733269767954,87.3690161900062,0,0.25,3.97,6.37,7.61,8.43,9.15,9.83,10.62,11.78,15.43,23.13,26.26,27.88,29.16,30.26,31.55,32.92,34.92,8.84927673430323,30.1363307724717,50.0163846597972,53.2303787197079,56.5567247325139,66.8842618840798,87.0327121033222,97.7924921847773,99.8413548813282,6166198324,32878,29544.4773536359,1129.69099333537,0.109467621186058,2.01868226794468,7.75586447063489,9.93491071501255,29.8708691031067,50.0270566548842,69.7565122136672,89.812735903173,40.6796065334988,32.9386849632742,18.3767829849216,6.40509034109693,1.3957232318683,7.82093728588609,208709,4320.43419994991,"NRO"
"NRO_138__123",46.24,15.9760828631075,11.8336072404538,0.385899684473771,1.88264974434141,0.874732392560527,39.3635931460697,85.6302060726318,0,0,2.78,6.08,7.68,8.77,9.58,10.34,11.03,11.77,12.69,14.7780000000002,21.8,25.65,27.71,29.33,30.97,32.75,35.43,7.85128252402572,25.0910327026342,54.0688161139407,58.1238044755825,62.2778917286995,72.2534626996382,87.8626904196723,96.2912816021756,99.4814592887926,5719716207,32774,29555.5910739753,1161.69279891899,0.116517282652893,2.00772777595934,10.2119488600704,10.2519790279518,29.7750584708337,50.0087055805215,69.9029156745014,89.8644886386056,40.0771997271656,32.4523056571795,18.6147454579277,6.94487505425684,1.6545751431347,10.2731444161964,193524,4180.25999999985,"NRO"
"NRO_138__124",43.92,14.5304732083225,10.3250285150071,0.420020242377033,2.12402021037088,0.874980760711581,36.8872334960185,86.0123298227588,0,0.07,2.91,6.04,7.75,8.87,9.76,10.51,11.13,11.77,12.52,13.49,15.87,21.19,24.35,26.27,27.94,29.74,32.15,8.34335572297359,22.2031859852954,54.3926431878007,62.9158346192248,68.0561858945266,78.150245075792,91.5170872288282,98.3831805391667,99.6516746845784,5770633754,32819,29646.2047469818,1192.12370488208,0.0815603398848061,1.99039303662949,9.28254959221243,9.99453866917509,29.6474229856314,49.807427303937,69.9859044806052,89.8744788370085,41.9018751605446,32.1083996917544,17.6896994605703,6.49833033650141,1.55869509375803,9.38864628820961,194650,3986.46600001286,"NRO"
"NRO_138__125",39.76,13.5483648187169,10.3567094578574,0.460516320363947,1.90091293849533,0.875027695018275,36.0329454749276,84.7027745196749,0,0.06,1.79,4.68,6.23,7.3,8.1,8.84,9.53,10.21,10.98,11.93,14.51,21.96,24.53,26.03,27.34,28.81,30.77,9.89623025309275,27.1239564293122,55.8093295362736,62.3827504999398,64.9469118329599,70.51128517485,85.3404461354221,96.4353859993926,99.4974816784227,5707639935,32783,29622.0712624947,1164.94500222482,0.0769931258536307,2.0007471224987,9.3089258266254,9.94259665050157,29.7677866044295,49.9387012751357,69.9223297623802,89.8722920754811,41.3499963670711,33.1260833912872,17.7696930694097,6.19051078979874,1.36753822360158,9.38437425395211,192682,3810.66280000687,"NRO"
"NRO_O_56__141",51.57,21.2862134363464,15.0133391123466,-0.0391184657121767,1.46335811694605,0.918566511821666,51.0851339902003,92.3374076465953,0.45,2.5,3.1,3.56,4.23,6.97,10.86,14.36,18.16,22.33,27.36,30.78,32.73,34.1,35.17,36.39,37.64,39.3,41.89,24.4602724909508,31.7654144210028,39.2770447575912,46.2447993805348,51.631934415349,58.7932719194204,78.1097707118319,93.9583704623251,98.67810546887,5037666916,32993,29847.3579135092,1091.5801926851,0.152916978944578,2.22529455306377,3.52525988639619,9.97272136838513,30.2054912198963,50.167786122841,69.9829376928977,89.9394103569987,46.9081235447118,33.8681486660228,14.6764149993186,3.82862999982226,0.638697483721509,3.57563943808841,168781,4441.4629999908,"NRO"
"NRO_O_56__142",48.75,21.2974017331482,14.5527817103503,-0.091252601828377,1.4006678184348,0.919801229476464,49.4833631011444,91.5929086458953,0.39,2.36,3.13,4.06,6.16,8.62,11.66,14.52,17.24,20.65,28.43,31.72,33.3,34.41,35.4,36.35,37.32,38.55,40.12,19.1026073081658,29.16663800989,37.8111266239795,46.4741848293317,50.8153426089588,54.0732742315972,67.4619495319775,91.2874228846141,99.6086630582054,4510759446,32911,29838.985552689,1071.39637035414,0.111041388627488,2.14911790947156,3.7671789869151,9.96674414546025,30.0704778926489,50.1162660537052,69.8521277341465,89.879546283391,46.5026129523053,33.9167824303764,14.852153205001,3.94985777601376,0.688628696169875,3.81027981742409,151170,4034.10150003518,"NRO"
"NRO_O_56__143",44.86,21.8890750134575,13.6147989760972,-0.251850559023356,1.49417129023091,0.936184091142522,52.6050473385897,91.0433488489915,0.65,2.26,3.97,6.39,8.56,11.12,13.54,16.07,19.63,25.64,29.76,31.53,32.69,33.58,34.45,35.36,36.28,37.28,38.59,13.1942807761804,23.4693743944274,32.636761201456,40.6840024091969,46.0660696048393,49.427815748815,58.1598449734203,82.2269358682274,98.4962159897347,4704592546,33134,29793.8161932808,1024.33851954905,0.0166469369409141,2.12161492763758,3.21620670696867,9.93980967379614,29.8674343051174,49.8253579046503,69.708535243681,89.8457150044551,47.1359361641493,33.593616414933,14.668313226307,3.86118235648016,0.656723979607992,3.25385516608087,157905,4594.80600005176,"NRO"
"NRO_O_56__144",47.52,20.6248807205173,12.3768745109682,-0.242024802188521,1.63123833517496,0.916021624144182,51.0504661695728,90.1879660255154,0.2,2.06,4.62,7.44,9.81,12.21,13.97,15.88,18.21,21.34,26.13,28.99,30.34,31.32,32.17,32.98,33.88,34.88,36.23,11.7123928854324,21.2368882167975,33.0542953841722,44.2344158805598,50.5106694510453,57.1733755790788,80.9144043589928,97.9369194210413,99.993999183889,5176636549,32718,29829.3009703703,1011.94016045874,-0.0507659707927398,2.08089293788131,3.90194243092109,9.94555745080183,29.8264330590925,49.8223233867601,69.6718363141936,89.8775918680012,48.2880224959952,33.5803436632054,13.9678003019442,3.51442302151641,0.586025284945431,3.94140899609316,173542,5240.98539999425,"NRO"
"NRO_O_56__145",42.08,19.4634146811421,10.0022049105646,-0.32228180719193,2.13987707288997,0.930123425780934,51.9965981422668,91.8063067253133,0.1,4.31,8.71,10.89,12.34,13.57,14.9,16.49,18.14,20.37,22.47,24.2,25.4,26.6,27.97,29.2,30.47,31.56,33.39,5.61944007461959,10.4683214767997,22.6267210535841,38.2905709234175,49.1445197755844,62.5830073366652,80.0413470507163,95.2875499436177,99.6596177138005,4493303412,32885,29854.6464061233,1022.05330673349,-0.0247819728549066,2.12959590371489,4.45143033221011,9.8721375862432,29.8581247021295,49.8572987084986,69.7524846559371,89.8526152322072,47.8585571339349,33.9428328438733,13.8652279643336,3.61248056555885,0.63053964625995,4.51344132459836,150506,4169.83679996875,"NRO"
"NRY_Y_12__171",9.59,1.62179816372319,1.74553752252539,0.952329722669554,2.98684157316327,0.662012621152343,41.2203018208602,34.8669898422378,0,0,0,0,0.06,0.14,0.23,0.4,0.72,1.09,1.41,1.7,2,2.33,2.74,3.25,3.81,4.33,5.03,33.3952353742693,53.2976572458353,69.7694606830469,81.1118192606918,91.710254494308,97.4594523317656,99.3461825853809,99.8329743747528,99.9780229440464,3550788856,32924,30411.5251717227,1125.92021012396,-0.322061406442921,2.17181619006121,22.0181068969762,22.2782813363657,30.8949190021903,50.6726851403636,70.6712486370381,90.2201176954465,61.6642970931328,32.6007639733466,5.44630774764898,0.285205296425084,0.00342588944654756,21.801503965467,116758,3294.29760000598,"NRY"
"NRY_Y_12__172",9.56,1.69583886795758,1.94605242543772,0.935476122781204,2.6783683383139,0.659238812352036,38.8968719880838,35.3596775606764,0,0,0,0,0,0.07,0.15,0.26,0.48,0.81,1.16,1.6,2.04,2.57,3.17,3.73,4.23,4.78,5.45,34.8876511472913,50.6224412072741,62.5940207559745,74.0205179472532,86.3074835761211,95.0418927925355,98.7896315338475,99.7667333142912,99.9738170046653,3469366890,33009,30398.3780776308,1118.67794205392,-0.323690085471571,2.18776896757217,26.4014324815327,26.6912063889559,30.3980667204673,50.7935819667663,70.7043247017325,90.1693933558004,62.236922807325,32.4752475247525,5.01796197318847,0.263734338035573,0.00613335669850171,26.0948041706826,114130,2932.99649997974,"NRY"
"NRY_Y_12__173",9.44,1.82776000134017,1.94547529908902,0.897854145108216,2.82013125313376,0.705793292484888,41.7392615425853,39.0454332238826,0,0,0,0,0,0.12,0.25,0.51,0.91,1.25,1.6,1.94,2.28,2.66,3.11,3.66,4.24,4.86,5.61,26.8853712281333,45.1825785852408,62.4904438548365,74.4637316184737,85.108153078203,93.6772046589018,97.8785357737105,99.5401807797815,99.9033142959932,3628675001,32928,30394.9859361388,1130.32811093453,-0.332877139755125,2.16142145087585,25.5114174387314,25.7630307961548,30.6514475309441,50.5363315947181,70.5215137838132,90.2227259288245,62.1708101588153,31.969108088186,5.49906185083428,0.347617771225625,0.0134021309388193,25.2471017891845,119384,4182.15130000915,"NRY"
"NRY_Y_12__174",10.25,1.94814841514797,1.96077428624211,0.855233075631914,2.78795024916556,0.700752167151995,40.8231769131992,39.86873624847,0,0,0,0.02,0.12,0.24,0.47,0.84,1.16,1.43,1.7,2,2.32,2.77,3.34,3.9,4.42,4.98,5.64,28.8167049036614,51.30378826031,66.0296942905639,77.3683621509708,89.1369630500065,96.6528640441684,98.9648033126294,99.6903736034171,99.9524369089586,4031147239,33068,30271.3678238603,1105.05449041439,-0.197784723771473,2.14996740213235,19.3980917748363,19.6694360436384,30.3994299474904,50.6104439267791,70.607141521977,90.2147168879435,58.4409050290237,34.222442497015,6.86356229396172,0.452063949777347,0.019524356634902,19.2127178655373,133167,4310.45999997295,"NRY"
"NRY_Y_12__175",11.01,2.16327931519687,2.24962958227658,0.691544013338336,2.18749041657202,0.674389468251122,41.6674484052533,42.7595372107567,0,0,0,0,0.08,0.18,0.34,0.6,0.87,1.16,1.67,2.4,3.08,3.66,4.16,4.59,5.02,5.49,6.16,34.581404709197,46.7136244717247,57.2740994163816,71.4318776413765,87.3576172268062,96.1350372308312,99.1285973032803,99.8188770376333,99.9748440330046,3858473789,32944,30163.1784631019,1083.91438638302,-0.115968244755709,2.20958883902403,22.4127081662547,22.6410635337349,30.5481544635679,50.842194589805,70.5076410977791,90.1694258988784,58.1160100062539,35.0343964978111,6.36882426516573,0.453408380237649,0.0265791119449656,22.0864602876798,127920,4016.37959996685,"NRY"
"NRY_Y_15__176",12.95,0.649900776356564,0.854357804542492,1.90731455586324,7.41939198050643,0.305505912030006,35.678957290252,8.2378934992804,0,0,0,0,0,0.01,0.1,0.16,0.22,0.3,0.4,0.53,0.66,0.82,0.98,1.17,1.42,1.82,2.49,75.4442183056915,93.6272174829313,98.9491765181368,99.8975158417414,99.9985565611513,99.9985565611513,99.9985565611513,100,100,3051005634,32987,30922.5633348874,944.805063730082,-1.26453205792995,4.39427597203712,29.8999201389216,30.0872665972927,30.3439988010196,50.6804067081575,70.8725300898608,90.3803606021135,85.2786167474105,13.924756248353,0.78041067845053,0.016216325785985,0,29.5978351205076,98666,3216.71840002357,"NRY"
"NRY_Y_15__177",26.47,1.03661401146837,1.19029249468488,1.41686622393707,6.40521006557553,0.350581559171378,38.8890550984792,19.0276738967838,0,0,0,0,0.01,0.11,0.18,0.28,0.45,0.65,0.84,1,1.17,1.36,1.61,1.93,2.35,2.84,3.52,84.226020766752,99.5027118778926,99.998673898341,100,100,100,100,100,100,3064024487,32800,30556.2152779855,999.357095547848,-0.97923406468491,3.39352780006571,24.9076865161489,25.0739370151776,30.7609009653453,50.5700984954302,70.6194327160415,90.2550420446428,77.9865370231862,19.6978309648467,2.22089254549988,0.0917476938419347,0.00299177262528048,24.6322612814759,100275,2615.22670000444,"NRY"
"NRY_Y_15__178",36.54,0.89079484335447,1.11839594000176,2.23290279351112,27.381912539971,0.285581736077675,36.9953749241362,15.1382290772869,0,0,0,0,0,0.03,0.11,0.19,0.31,0.49,0.66,0.81,0.95,1.12,1.33,1.62,2.02,2.55,3.2875,95.2846395355725,99.9970380901605,99.9970380901605,99.9970380901605,99.9970380901605,99.9985190450803,99.9985190450803,99.9985190450803,99.9985190450803,2928515871,32882,30643.909664525,971.027817162769,-1.14407394701765,3.82496349491858,29.526152019956,29.6778838935649,30.5794368699872,50.6906038550201,70.7011075986755,90.3136081723492,80.2952933051504,18.1319716217065,1.522508004939,0.0491806709499194,0.0010463972542536,29.1913442019128,95566,3015.61099999453,"NRY"
"NRY_Y_15__179",7.74,0.982845173331175,1.12968951900953,1.47141855103406,5.16832288583637,0.534746673331923,39.5028392169321,16.2411150379224,0,0,0,0,0,0.07,0.17,0.31,0.53,0.7,0.84,0.97,1.11,1.26,1.46,1.74,2.11,2.6,3.38,34.1590899712521,67.5905420833276,82.5545728394383,90.9120919932326,95.95741461603,98.5433487847485,99.5763469553376,99.8858337574449,99.9683635713401,3076430073,32718,30540.7424949371,983.616069325646,-1.00462156639607,3.5497343668121,27.9320589322558,28.0197878887397,30.2408339836821,50.4243757598972,70.573060511101,90.2267697017146,76.4057102013263,21.1918754715483,2.27038081245285,0.130048048286543,0.00198546638605408,27.7389508795616,100732,2681.92320001576,"NRY"
"NRY_Y_15__180",38.1,0.8008145381411,1.07961806860209,2.23355034943857,20.1965820016667,0.254033343861494,33.7087583201647,13.3419527845616,0,0,0,0,0,0,0.1,0.17,0.26,0.38,0.51,0.64,0.77,0.92,1.11,1.4,1.83,2.4,3.14,96.4126731149703,99.9931303583205,100,100,100,100,100,100,100,3241869620,32947,31047.9300866734,1086.38249308031,-1.18954726966055,3.87095035271212,30.4968225711681,30.6613592004974,30.6613592004974,50.8569301439088,70.9371686267877,90.400138177056,82.6672412967486,15.858832543217,1.42891347028684,0.043097256141359,0.00191543360628262,30.1297706268256,104415,2737.82340000341,"NRY"
"PPO_Y_07__191",30.36,16.1684744393127,5.7402234915399,-1.4463304915099,4.827979865895,0.815737974030232,61.6981834602191,93.2836352977525,0.05,8.96,11.9,13.34,14.37,15.14,15.77,16.34,16.87,17.43,17.95,18.45,18.96,19.49,20.01,20.54,21.12,21.79,22.69,2.33191248459822,3.46248626327883,5.54297512404676,11.3756701854874,26.6883679110193,55.5521329381598,85.3375070764927,99.3123314129675,100,3813432865,32793,30210.4339335652,1067.89319936853,-0.304344448663809,1.96706127370092,4.79622902709735,9.84684758571199,29.6229123204979,49.6556057241616,69.7652310446535,89.9555998870325,55.9958488144563,31.7700369962528,10.0151312297491,1.95200785873294,0.245585404304874,4.80159075965111,126229,5010.50900000873,"PPO"
"PPO_Y_07__192",27.27,16.3763493034319,6.06408982233187,-1.42705526632025,4.54513193172411,0.845798905605462,62.9571380030096,92.4751225668657,0,7.74,11.666,13.35,14.57,15.44,16.12,16.74,17.32,17.9,18.43,18.93,19.43,19.93,20.43,20.96,21.55,22.22,23.1,2.31957967900143,3.39711491995599,5.01753051131515,8.26144624147894,16.3727778406111,33.2411396374629,59.2911709970285,86.3210602617753,99.2586804306028,3112161592,32724,30213.6944031843,1069.08041044052,-0.313890215245334,1.95994044719258,5.51945703724243,9.85853854082266,29.6314092227895,49.5892313871856,69.77501684302,89.9217450402877,56.0827144313383,31.4654628416096,10.0587350128635,2.08921896995291,0.283481384398816,5.5375952623659,103005,3982.57190001036,"PPO"
"PPO_Y_07__193",37.43,17.1363728929767,6.44899446943104,-1.34578003342708,4.26705460109316,0.800201087176988,63.516677485941,92.806762897426,0,7.19,11.74,13.74,15.09,16.1,16.92,17.58,18.18,18.76,19.31,19.87,20.42,20.94,21.5,22.07,22.67,23.39,24.36,2.8667323562015,5.29775834462372,9.34690232787289,20.3150018475182,46.7714620027097,82.3485035102845,99.3903190048036,100,100,4145222885,32688,30234.8114528705,1092.5262435932,-0.315670152437083,1.92817836657725,5.18247401792003,9.83305808416138,29.5477162984928,49.5282252597136,69.6903634410964,89.9370177533891,56.3402163368611,31.2134849490522,10.0349377466248,2.0831357904027,0.299049605765093,5.21659214739499,137101,5487.03539998883,"PPO"
"PPO_Y_07__194",28.54,16.6209256540262,6.43272530822704,-1.25643150901774,3.98627582537727,0.870238240213667,62.7517919267462,92.5588930919506,0,6.3,10.74,13.06,14.45,15.46,16.29,17.05,17.7,18.28,18.81,19.34,19.89,20.45,20.98,21.59,22.2530000000002,22.98,23.97,2.73546023507861,4.59395512135552,7.13555182414899,11.4883223935277,20.0816669210808,37.2042436269272,63.7841550908258,88.4864906121203,99.1558540680812,4181407290,32783,30243.2918652674,1096.90797789716,-0.312659062405059,1.94092310863755,5.21673202038159,9.91499251918126,29.6653508489004,49.6882895853946,69.7751590230762,89.956325493468,56.404284712026,31.5849239470848,9.77802530034211,1.9412841117034,0.266167121127739,5.20038478507728,138259,5548.73760004622,"PPO"
"PPO_Y_07__195",28.2,16.3735991511017,6.08047155063907,-1.36778331548233,4.48270820832208,0.847169698507731,62.4729163657374,92.6343626040289,0,7.77,11.73,13.38,14.43,15.3,16.05,16.65,17.22,17.74,18.25,18.78,19.3,19.83,20.4,21.01,21.67,22.41,23.37,2.21542443673157,3.4343196658627,5.18501088299312,8.9522913112536,18.7258074004353,38.8940525913289,67.2651332431319,90.3453144302606,99.4399670568857,2718863989,32538,30209.9355437283,1079.77471312796,-0.319076695913304,1.93870100091922,5.5003909943654,9.84090572689548,29.5743175919492,49.6658110322267,69.7442060975416,89.9051086368999,56.2984033155924,31.5936843742708,9.90122112467916,1.94113267925199,0.24666940743786,5.52450582784253,89999,3672.30179999783,"PPO"
"PPO_Y_17__206",21.25,7.89317294312056,5.23161502256183,-0.140611949669777,1.80973937173535,0.888566863985003,54.6573317098626,79.0775207282426,0,0.02,0.34,1.7,3.03,4.28,5.67,6.89,7.84,8.68,9.43,10.15,10.85,11.5,12.18,12.88,13.59,14.46,15.59,12.8493100098742,22.302857096984,30.9985790779259,43.3614039031204,59.4844541491727,76.8461952202429,91.1661997158156,98.3719604710718,99.9068774233946,4073608394,33222,29524.0360207572,1740.73481248989,-0.261348678682504,1.99999135797802,9.68486920787703,10.1491033750064,29.9694345631791,49.6575388537458,69.7275772306355,89.944622865484,41.1723778048356,31.2547109642257,17.4160723604105,7.28025163796602,2.28880384994492,9.56253261436772,137976,4909.10300002073,"PPO"
"PPO_Y_17__207",19.86,6.536006315635,4.61521323538824,0.0408418472827311,1.85603207694318,0.880917239439665,51.9255342586473,75.4828523169568,0,0,0.24,1,2.14,3.28,4.3,5.21,6.04,6.84,7.58,8.29,8.99,9.63,10.28,10.96,11.7,12.58,13.7854999999999,15.6675001024716,25.6572529409354,38.0350043038078,52.6654916588105,69.1068574005001,84.7292699922122,94.8542853629545,99.1548141164897,99.9549124892405,4037201028,33259,29648.2413747521,1769.37759977615,-0.27163369292117,2.04969841943665,10.4903323877782,10.5995910788716,30.3302355148414,50.0308370822103,69.9599094870735,90.0084777992878,43.0028640669751,32.0077843871631,16.8935888962327,6.23265036351619,1.55540868032606,10.3091723580818,136170,4823.18690000566,"PPO"
"PPO_Y_17__208",20.18,8.14415146613836,5.00616119869064,-0.245303418329336,1.93583712188387,0.904751654770375,55.5631224993615,82.0039158934196,0,0.05,0.98,2.62,3.95,5.23,6.46,7.41,8.24,8.98,9.66,10.29,10.92,11.48,12.08,12.75,13.51,14.34,15.43,9.43860758952615,17.5290869145217,26.3077357087291,38.136556759021,53.9730032399531,72.5886285338143,87.600126520598,97.0412987168418,99.8144934474298,3801643285,33131,29420.6124968077,1699.51555934199,-0.246528156108596,1.9864945284459,9.43599057321866,10.1530748432648,29.7215375902897,49.5250333567264,69.7270280580783,89.9330803731629,39.5195678587183,32.0522841421794,18.1392541229095,7.48585712406262,2.25976458205964,9.39582253109111,129217,4237.20000001229,"PPO"
"PPO_Y_17__209",21.66,9.69618313043597,5.04834444115886,-0.681628727537972,2.45303394385994,0.872092725086738,60.0592057467596,85.6548277805314,0,0.06,2.51300000000003,5.33,7.02,8.08,8.96,9.7,10.35,10.92,11.45,11.95,12.45,12.94,13.46,13.97,14.55,15.28,16.22,6.26117002263791,10.0195103062076,15.6082449660431,26.7134814726558,44.1871202192303,67.717145240081,88.2297748123436,98.2693911592994,99.9694686047897,4360146264,33101,29603.8664611666,1724.75775622149,-0.369523836589902,2.01875886888916,8.73211931314238,10.1356238126419,29.4977850770558,49.4937131081527,69.7587994951722,89.9572123390584,43.6751016750066,32.7872191631078,15.9882674850458,5.59874527270629,1.58266738184312,8.67853044818479,147283,5135.80500002709,"PPO"
"PPO_Y_17__210",20.95,9.67004878897599,5.13725692369603,-0.655728820522328,2.39033936014514,0.88958287676066,60.4454587435333,85.0019073879493,0,0.02,2.01,4.9,6.92,8.13,9,9.73,10.35,10.89,11.43,11.92,12.44,12.96,13.5,14.04,14.66,15.36,16.34,5.97247352653279,9.93088719485065,14.7999288108445,23.8698721561415,40.3486785513007,62.5493133212707,83.3966125826832,96.2017619315991,99.7812416575208,4390144623,32855,29381.4349112228,1706.34872539744,-0.260614526438355,1.92460465698042,9.6129422431558,10.1096919603689,29.3165525859261,49.3281014400878,69.5322498490729,89.8746946587778,39.610759006552,31.7195269677886,17.6804824018364,7.53451702929346,2.63286462899631,9.60252712171812,149419,4371.80149997638,"PPO"
"PPY_O_24__216",11.63,2.77458202930493,2.63327997429564,0.519229970336654,2.21735595215084,0.775808690518341,48.4387225264955,55.7605448467174,0,0,0,0,0,0,0.26,1.34,2.1,2.63,3.07,3.48,3.88,4.29,4.75,5.24,5.8,6.5,7.49,11.0076634811136,22.7544444300367,41.7303128930614,62.136438491163,78.2362323162904,89.4682244323707,95.784437038862,98.8485327869915,99.8858906365487,3408645564,32757,30306.6146596486,1224.35819659362,-0.393547557249147,2.23245693761271,32.0312663930582,32.0829934197289,32.0829934197289,50.6697610406055,70.4199020969257,90.1933174416723,60.5501813784764,29.8741019987197,8.34696635607084,1.14161746923679,0.0835763567821324,31.3811437513337,112472,3929.46749997543,"PPY"
"PPY_O_24__217",11.6,2.43995097095178,2.47869168239587,0.628073513988982,2.36660767268728,0.730373809116803,47.5052158562029,51.5615471031937,0,0,0,0,0,0,0.02,0.3,1.52,2.19,2.66,3.08,3.48,3.87,4.28,4.75,5.26,5.95,6.96,12.866919778343,25.3554007396759,46.3575263862779,67.6311941710593,83.2110779362798,92.2813225699436,97.2268298376891,99.389337363461,99.9324216398196,3793679562,32908,30441.9801155513,1241.68008130723,-0.473696519370754,2.2832615427983,35.3392289751856,35.4494087078618,35.4494087078618,50.781922998904,70.4966936793699,90.2246385616055,62.7820574546622,28.2201893757021,7.81656234954261,1.10335419675814,0.0754293050874659,34.5835339431873,124620,4529.77380001463,"PPY"
"PPY_O_24__218",11.59,2.4654378872327,2.56216330690543,0.636906583388204,2.28139955578973,0.731741148271158,46.5158003014138,50.5258793228556,0,0,0,0,0,0,0,0.16,1.34,2.07,2.62,3.09,3.52,3.94,4.41,4.9,5.5,6.21,7.14,12.8329147290677,25.3500111904111,44.6547136498147,64.7526919155497,80.0400368040186,90.9158729764007,96.7746748563897,99.2887872081168,99.958968492776,3824392533,32872,30495.3594478865,1231.64229327018,-0.575804730337477,2.36339677641061,36.4931508980122,36.6327197564372,36.6327197564372,50.7948353428082,70.4609537788782,90.2294075261442,65.5559010916282,26.8609110988845,6.65422736805174,0.868358730234672,0.0582095383903867,35.731885271392,125409,4491.45759998388,"PPY"
"PPY_O_24__219",11.8,3.16389024044783,2.75790086509036,0.34274415932724,2.04510183173571,0.809564595632688,50.4932264675987,61.5716594737807,0,0,0,0,0,0.11,1.37,2.22,2.77,3.21,3.6,4,4.39,4.8,5.24,5.72,6.29,6.99,7.91,9.44237064262333,18.9191983001206,37.0504795267903,57.3663354964682,74.7453052317234,87.0797679894332,94.9497501866422,98.7124562108769,99.8851432837535,3633457006,32787,30272.2493959642,1223.31273438639,-0.393842021165514,2.21132700111125,27.8629994060263,28.010111646275,30.750105812591,50.5336418448872,70.2878749571751,90.1385618322079,59.6154166597237,30.1717961108427,8.84724976255145,1.26472597603852,0.0983120323929815,27.3165814073617,120026,3751.86599998673,"PPY"
"PPY_O_24__220",12.14,2.5945393667409,2.62611437235164,0.679088034028002,2.46721447618719,0.733294739222701,46.3277671050687,51.8709215776252,0,0,0,0,0,0,0.13,0.79,1.57,2.22,2.73,3.18,3.59,4.04,4.5,5.03,5.65,6.38,7.46,17.6600540522355,30.752582059592,50.5197761654312,68.9547284491943,82.7604768259451,91.9067430724547,96.9194711403676,99.1858522198423,99.9080439146378,3903708039,32810,30361.8025479689,1217.67508578325,-0.492378277020916,2.23703393922226,31.0827871059442,31.2822850940672,31.2822850940672,50.7739645792706,70.5276379148804,90.2075875249645,62.6344566899738,28.6063170339029,7.69368374386535,0.998654460889922,0.0661103030962955,30.4488500696103,128573,4410.67660002794,"PPY"
"PPY_O_31__221",26.71,9.38728835034506,4.56644286890012,-0.589624259087994,2.55401119153277,0.825527310520977,56.4911468282298,89.1690946160624,0,1.2,4.22,5.66,6.68,7.59,8.31,8.95,9.57,10.19,10.78,11.31,11.83,12.34,12.85,13.38,13.96,14.63,15.59,5.74042231240113,13.0930600453951,28.1367356764564,50.9732443771924,78.3829699429122,96.452988513653,99.9532292454777,99.9986243895729,99.9993121947865,4698660015,32675,30220.1556138692,1034.60599339873,-0.388933680092473,2.09702524099803,6.47630645819349,10.0063572912074,29.8380882959032,49.8470528091614,69.8574974252526,89.9668146344911,57.6179726140171,31.6385924968324,9.08085232279185,1.50243438104977,0.153073365877503,6.47989143368,155481,4463.54369999189,"PPY"
"PPY_O_31__222",20.02,9.53963126343173,4.32023356636662,-0.774696036805529,2.9264381897073,0.870563828596674,58.2880895826264,90.0446782038231,0,2.04,5.01,6.41,7.39,8.16,8.81,9.36,9.86,10.37,10.83,11.3,11.75,12.22,12.69,13.19,13.72,14.35,15.19,3.59951804602782,6.68075393101277,12.4605687783436,24.003850788019,42.6184147589322,65.6177911250235,86.5646248206296,97.7688437342956,99.9176561052549,5316240901,32754,30065.834752856,1008.70653404333,-0.278376010921263,2.07463797055588,6.5617408145365,9.96718116931699,29.7410409054749,49.749446954191,69.8981608094738,89.9799482769902,55.4807148512612,31.8125777626965,10.2923877389436,2.1021377672209,0.283338988802172,6.56430268069223,176820,5017.57619996593,"PPY"
"PPY_O_31__223",18.31,8.3948276005556,4.37575451496907,-0.549554991430406,2.3429447743792,0.897963052189959,57.6337922676417,86.7916382758495,0,0.21,2.83,4.46,5.67,6.61,7.38,8.1,8.72,9.28,9.81,10.31,10.79,11.27,11.75,12.26,12.81,13.43,14.29,5.0633485702619,9.76770300466182,17.3746356181164,28.7484545671087,44.3065685151367,64.1317786372968,83.7647312364598,96.1174188718624,99.8134137903656,5776168887,32813,30043.9978102228,1015.41464350296,-0.231491833302235,2.1429630652731,8.29685586372987,10.1222875653082,29.8401897125831,49.8003849484742,69.8716653538874,89.9415866058281,55.6369859094857,31.6092521988796,10.3855776382654,2.08626994075638,0.264749788044128,8.2561363175333,192257,5522.55520004765,"PPY"
"PPY_O_31__224",18.5,8.53341997890871,4.47802184801384,-0.582265440595337,2.35216205618043,0.89860197010867,58.4295829462425,86.237351545434,0,0.04,2.64,4.49,5.81,6.8,7.61,8.33,8.96,9.52,10.04,10.54,11,11.46,11.94,12.44,12.98,13.6,14.47,4.0587219343696,8.62373948409382,15.5886121789515,26.2876761936598,41.7425761880885,62.4394116663881,83.0345701710402,95.8604936208145,99.7701821828514,4783355502,32882,30025.8336178974,1019.35451467183,-0.194887841404912,2.17480229392287,9.90337286873059,10.0711232480751,29.8292861444945,49.7309043621237,69.8263469776284,89.9442661997653,55.5339342656991,31.4372159590228,10.5456097622216,2.18946945539458,0.274311396791122,9.84947397494162,159308,4579.89240003394,"PPY"
"PPY_O_31__225",18.54,9.1815853040089,4.48407115097734,-0.78724948800918,2.64348068906156,0.887450257695195,61.1160785779106,87.7522286873432,0,0.16,3.34,5.38,6.95,7.93,8.68,9.32,9.86,10.33,10.78,11.21,11.64,12.06,12.49,12.93,13.39,13.98,14.8,3.09424587862618,7.4114906033412,12.3843332671856,19.8222829801777,33.410505736482,54.7747668290962,78.5857605891562,94.7118529461484,99.6920453626735,4508228312,32924,30082.1298777558,1022.6586516148,-0.26833943102825,2.20090354975833,9.23426493045812,10.0838928407848,29.8128178518036,49.7557200914007,69.8659207790362,90.0146629929598,57.7723802914643,30.7765707574868,9.47926119681845,1.76426626808306,0.192841509635403,9.19433619815299,149864,4197.66100002839,"PPY"
"ULM_27__246",52.59,17.5909795848248,14.4027167948752,0.503448226118443,2.10624335415332,0.916970651278332,40.7095437064293,80.4083035011693,0,0.24,1.01,2.1,4.22,7.21,9.73,11.8,13.28,14.53,15.81,18.16,22.2,25.71,29.38,32.72,36.24,39.31,43.32,21.3636147217064,32.2513450459458,51.5271627862686,60.4842165404942,68.7681521687378,76.7491548826358,85.0307098985859,93.0432557253726,97.7336570966053,5386522975,32806,29849.839709843,1180.3506640049,-0.0110252759557513,1.91679128931976,6.89307305887802,10.1265477847516,30.0411037604458,50.0572020859152,70.0733732598625,89.9353221267937,46.3231626896605,32.8914848105334,15.1224134682523,4.63553038447471,0.91380628858324,6.87377392576501,180454,3356.91400000367,"ULM"
"ULM_27__247",49.12,13.3405348503789,11.3483587814071,0.748232066335613,2.44942241573499,0.88481146697064,37.8018376874236,84.1840229958119,0,0.36,1.83,2.63,3.66,5.33,6.89,8.12,9.25,10.25,11.3,12.65,14.66,18.24,21.57,24.37,28.54,31.67,35.88,23.652326868546,44.0998074211109,62.5942044368963,69.8780839158718,78.876218781749,85.4405810726796,92.9951324548501,98.7474790361957,99.9734635389025,4232730432,32895,29894.0641142445,1196.50006320218,-0.0146767647280373,1.93224366573999,6.79553514264525,10.0271582804166,30.0128351287361,50.1364473380194,70.2471717669735,90.089465824976,47.2586534454874,32.0712474662938,15.184580940879,4.51723626501684,0.858105388054325,6.83941775960336,141591,2792.84500002302,"ULM"
"ULM_27__248",56.64,16.6755661301204,12.8246145484244,0.386761399363449,2.02135822303938,0.900627021526585,45.2969381315421,84.6043363775507,0,0.4,1.9,3.26,5.17,7.01,8.82,10.58,12.46,14.44,16.83,19.44,22.12,25.19,27.71,29.83,32.75,35.04,38.17,20.6474702346144,37.611595830117,51.9442040342136,63.3731764559114,74.6906505110992,86.8096652709878,96.8063125229039,98.9855987774165,99.7621887987026,4096944523,32911,29718.799357305,1151.08435765611,0.169046460832681,2.08164849312438,6.98677998672036,10.072535854057,30.1993063380322,50.3153899064891,70.241080123115,90.0159425956669,45.0002538862735,32.8325728834952,15.9549388134081,5.01244042739941,1.04818761470219,6.95503311402395,137857,2560.81540000399,"ULM"
"ULM_27__249",56.64,18.7135913131024,14.4511557903716,0.582226834865946,2.22623452887336,0.9288581905087,39.5783791129037,87.6509428717904,0,0.56,3.38,5.65,7.58,9.25,10.63,11.89,13.12,14.5,16.14,18.45,22.55,26.54,30.56,33.91,36.93,40.93,45.57,13.2914105088333,32.477464807597,53.50115857007,62.1877553207163,69.7814119821594,78.4465785349781,87.4331980552095,94.1897376140153,98.9017023613399,4805633410,32846,29682.9097770832,1128.42492942649,0.149369529387521,2.051618366335,7.77174507782523,10.0345587742199,30.0122701202878,50.2238041915061,70.1785730676448,89.9929707913363,43.6278173429113,33.0496173540294,16.7215362664377,5.34098419384925,1.10562758262868,7.75607014249625,161899,3174.18560001275,"ULM"
"ULM_27__250",40.33,14.4719554273727,9.28676033505823,0.267959423717625,2.44514005827221,0.923040150515819,48.0440482433141,87.7825117986366,0,0.68,3.05,5.58,7.92,9.77699999999997,11.11,12.27,13.22,14.11,15.04,16.05,17.18,18.58,20.13,22.62,24.95,27.96,31.32,10.2986244743782,18.9045684555627,33.9241679139049,57.0158933789466,72.8807640225216,82.0098353645499,89.7313092438173,95.8228208965861,99.2516570451144,4564351678,32892,29918.4037624541,1221.92866900924,-0.0260260407352083,1.90209780214328,7.97106997152817,9.95653065451632,29.7946714438072,49.9265230806784,70.0774770799771,90.0340260547294,48.4792868379654,31.4663083377032,14.5509963293131,4.465128474043,0.914394336654431,8.01782905086523,152560,3430.91119998223,"ULM"
"ULM_80__266",49.82,17.4107965636195,12.9647377375038,0.654827162918706,2.24718038547762,0.941049655801776,38.6824348462288,91.281869546703,0.31,2.63,4.7,6.46,7.8,8.9,9.95,11,12.03,13.17,14.59,16.74,19.5,22.91,26.63,32.27,35.44,38.49,41.71,13.0570993663493,33.0052981226474,54.5467686171782,64.6627609236905,71.7615372815557,76.9103921082752,83.5893895949119,91.9536974760168,98.5353463839428,10344835551,33137,29564.8666944839,1774.97225804536,-0.324625331729344,2.26344904097423,2.99293881931328,9.77403809867485,29.6996364790256,50.0540706372027,70.2595725100473,90.0587425104057,40.1013995307271,30.4987382217357,17.8192241849884,7.84588871773034,2.72904204879638,3.10314572895917,349903,2775.05280003219,"ULM"
"ULM_80__267",48.54,13.3989312224482,10.5697782667388,1.16304159976255,3.98480155453699,0.893070241983289,38.87107861583,88.7057408875052,0.08,1.48,3.3,4.85,6.2,7.39,8.45,9.4,10.31,11.25,12.17,13.15,14.24,15.62,17.33,19.86,23.57,29.35,37.99,16.2730403970376,38.9143089806653,64.753447118506,78.3293167387453,85.2647100899057,89.3975108117923,92.0728929384966,95.4444114313382,98.7424207410342,14139998405,33121,29725.050410664,1777.70767992781,-0.433582144153086,2.27324023171681,4.3276581189968,9.7375230927404,29.4708985789309,49.6246462058918,69.9473043469555,90.1395475086689,42.6094140548631,30.9943598076911,16.8270291974025,6.7774804338092,2.12384878482551,4.45770696646787,475693,3571.39680003508,"ULM"
"ULM_80__268",56.77,14.333317532531,11.3596465907284,1.15693519364278,4.55894140181762,0.878930603419542,44.9533262499106,86.9287003155744,0.12,1.08,2.58,4.11,5.64,7.21,8.58,9.95,11.39,12.83,14.32,15.67,17.1,18.61,20.29,21.95,23.88,26.92,39.28,22.237873439731,42.767807768812,63.4399786507611,81.4927409836607,90.847064066975,93.6216397646081,94.9441370753193,96.8515375028543,98.89099507812,11190427668,33170,29650.8217070696,1748.74684905018,-0.432780396832866,2.28021030599497,3.56211550466366,9.86229014424474,29.6947275170038,49.7080011866442,69.7893737639054,90.0320517491057,40.8792099775574,30.9761080213139,17.663159400859,7.39996873401924,2.36349617256702,3.64805104303842,377407,3874.0338000005,"ULM"
"ULM_80__269",52.18,16.2359057507595,10.3966768596817,0.161388389604561,2.35981592826889,0.894189998778126,50.8289492736136,88.1326721045096,0.06,1.09,3.52,5.58,7.63,9.55,11.35,13.14,14.79,16.49,18.14,19.71,21.2,22.79,24.4,25.92,27.33,29.3,31.96,15.2663502554332,29.1864072431758,44.9988197804792,62.2062096407075,79.6616563537961,93.6927804285883,97.9742374938882,98.9068216688304,99.7363473891858,14680414924,33150,29522.8512556912,1724.67333229185,-0.367867687137859,2.24992432234944,4.43645561363018,9.85722572210317,29.6356384170549,49.5546791944339,69.5580402792708,89.8193732824496,37.9762134594655,30.1866644143057,18.7589491127307,8.7506234213363,3.17864440046978,4.53428415142301,497256,3915.64179999392,"ULM"
"ULM_80__270",43.33,17.3862516781545,11.1554548111693,0.160443993274706,2.112011309666,0.957308620509556,49.5705629097926,88.940868035505,0.05,1.4,3.91,6.2,8.31,10.4,12.2,13.78,15.49,17.23,18.88,20.6,22.27,23.85,25.52,27.33,29.71,33.46,36.71,11.7038051742601,22.1726985327755,34.419588890905,47.8543662770936,61.3540583158481,75.2141033471937,85.2186269273135,91.3990641044973,97.9480324982174,12089002420,33072,29455.1263702393,1685.349409491,-0.338828952500676,2.28704725399536,4.55912003200674,9.88714605617558,29.6352214312817,49.6911860821681,69.8201980176293,90.0383664494295,37.0295379622388,30.6300116222123,19.2962835722344,8.8772260678669,3.10364235748171,4.63134196349602,410421,3399.98349996986,"ULM"
"ULO_188__281",45.7,16.821694456193,11.5523512560218,0.118784614850314,1.80626679200153,0.898939676071078,46.6351628330676,85.0001626703972,0,0,2.01,6.19,8.01,9.28,10.32,11.27,12.37,13.945,18.77,22.13,24.21,25.75,27.12,28.55,30.1,31.88,34.18,7.25029452323765,20.7362624316204,43.2497100430141,49.091772527603,56.9037160156714,72.9869679175152,89.058347564818,96.7196047452488,99.2867514771824,3685011904,32780,29972.117513095,965.861017927069,0.0679473260275375,2.14450955815329,10.8566175475779,10.9061779030823,29.9633869785187,50.0579887950343,69.9003205445276,89.9527413846856,51.5299150860526,32.0932426716986,12.6785307609721,3.18508637798094,0.465237336109575,10.8883430393337,122948,3939.41100000542,"ULO"
"ULO_188__282",41.46,16.5082486281393,11.94289714012,-0.0507756654414522,1.48859588523373,0.884869642449473,49.1041904913876,80.8382755777772,0,0,0.24,2.37,5.31,7.54,9.37,10.83,12.33,15.16,21.79,24.15,25.7,26.75,27.75,28.79,29.88,31.01,32.75,11.727026862151,21.9899546535982,37.2298025499725,43.7399597372756,46.9843626085365,56.6291152367977,78.2916810704191,95.353518921447,99.4784147060618,3388348797,32977,30037.7542884498,984.794342108244,0.0109277947235858,2.14174358900342,12.75587842027,12.8352211078463,30.0248545515959,49.9971775190298,69.8328532793019,89.9167919990263,53.357623467461,31.6197264257156,11.7292979796637,2.79691142966056,0.450342632731399,12.7292713846263,112803,4450.21920001831,"ULO"
"ULO_188__283",45.07,16.0130382756161,10.9042062398902,0.130608087867552,1.93675954628938,0.90964314818744,46.0522492537708,84.8799429431809,0,0.01,1.95,4.92,7.49,9.34,10.82,12.11,13.215,14.33,16.65,19.6,21.79,23.63,25.47,27.12,28.88,30.66,32.87,10.4179705836332,21.1078078547958,40.3956736035049,52.5729541542795,63.3723204506337,77.5553512752308,91.1623767798467,97.6764199655766,99.5755750273823,3416040919,33055,30078.4612180926,1032.72128159983,0.0932514726702077,2.12198659929744,9.95041552662385,10.0590057949479,30.0269416649807,50.1825392507835,70.023749267624,89.9541779757001,53.5796990428895,31.5511882434776,11.6623081596534,2.74982169744037,0.416479559042361,9.91362231555591,113571,3935.04650002325,"ULO"
"ULO_188__284",41.88,14.1512346847806,10.1875746119251,0.184130985062516,1.99879496719633,0.903979194675322,47.2533194480604,81.3598100242203,0,0,0.35,2.56,5.26,7.63,9.48,10.89,12.24,13.45,14.9,17.04,19.07,20.71,22.41,24.09,25.93,28,30.75,12.0996890351075,22.0866194961467,38.6074180900446,53.5157059804408,66.5861462887016,80.5245842534589,91.4993915904277,97.2274550452927,99.5673531930236,3818312500,33026,30124.0404566361,1052.08980853711,0.0628566536630139,2.05956793943947,12.4714222840587,12.531971204557,30.0981420981127,50.1210736156352,70.059282523366,89.9841988574796,54.7411106640474,31.3223355660221,11.0529928285721,2.49698231994509,0.352654375044378,12.4107516192911,126753,4443.65680001694,"ULO"
"ULO_188__285",44.43,13.2327465387115,10.0584335587477,0.385077050697493,2.17513662128521,0.874588539162208,42.4221522467137,80.7777277952717,0,0,0.1,2.4,5.05,7.02,8.4,9.48,10.62,11.61,12.59,14.05,16.81,19.55,21.81,23.6,25.51,27.47,30.19,10.9439459270481,26.676378044517,50.9206386202074,61.2667521267918,72.2002097657616,85.9690012819019,95.5191702598765,98.7041137396574,99.6119333411024,3000105147,32849,29990.5547758285,1023.6022010467,0.194412614209496,2.12178950156537,14.2420254645828,14.3006127111584,30.0816932334005,50.1728580248324,70.1668962537865,90.0066719228224,50.8012195731494,32.5456090368371,12.932473634228,3.15389613635228,0.51382016294297,14.1610436347278,100035,3630.44699998713,"ULO"
"ULO_237__291",53.06,25.6987585673226,17.4353645398444,-0.447512966763693,1.64430047915296,0.856681562131584,62.0708968973395,75.4027562827032,0,0,0.24,1.05,2.13,11.53,22.72,27.34,30.49,32.47,34.17,35.53,36.81,38.03,39.3375000000001,40.91,42.88,45.22,47.61,18.7927774704634,21.2093691432534,23.2164529685191,26.2184096894841,31.5832927403175,41.9324477175717,62.3682103020946,81.9717472610035,94.6153020533186,4050512616,32872,29851.2242317046,997.347063448498,0.0541577383389884,1.97217919390325,10.7174336721039,10.7934833056202,30.0439255316221,49.6776308522427,69.6305930972565,89.7637526578192,49.0065590684649,33.4578819367676,13.752671530695,3.30901319183433,0.43849952096691,10.661065664382,135690,4539.38859999608,"ULO"
"ULO_237__292",55.43,25.693785025234,19.0987258832698,-0.299289967237772,1.4529367097115,0.836274664467378,59.6703659792813,70.9691421611501,0,0,0.21,0.69,1.29,2.32,15.16,25.17,30.22,32.83,35.18,37.22,38.9880000000002,40.37,41.75,43.27,45.21,47.7,50.21,24.2450544284113,26.0120791291454,28.1653466420744,31.1265415355683,35.3484503272938,45.2439333116343,60.2307330657119,80.7088351235037,93.6450761274457,4615336309,33023,29901.1765822498,1012.38955243613,0.00936657079549273,1.96617787829688,10.372269471815,10.4827000159567,30.1543039081705,49.7970487550011,69.7111460052434,89.8082058271087,48.7389295964445,34.1930509935019,13.549461299748,3.09874119712607,0.389367229661879,10.3192033844499,154353,5191.75079998233,"ULO"
"ULO_237__293",48.59,20.9587310662909,16.9424074041532,-0.112373685658536,1.33771890817529,0.837856731419111,55.4698195395146,68.8085215417841,0,0,0.24,0.73,1.23,1.82,2.95,13.68,21.383,25.7,29.19,31.67,33.55,35.05,36.36,37.69,39.36,41.62,43.88,28.7590271572959,31.1550662742944,33.3289614977909,36.4020886444304,42.1114326231833,49.5405474084579,62.4371890190421,81.512873689474,94.007033190429,4084179296,32865,29899.9179764999,1024.10178205016,0.051881622288169,1.98600168539392,10.6592998849578,10.7598923835297,30.2344782514661,50.0007248457488,69.7203158242542,89.8132149975034,47.1752260331637,34.2948131337165,14.462462022768,3.55649913979282,0.466342106226436,10.5896994765548,136595,4332.89639997848,"ULO"
"ULO_237__294",48.16,17.6216633891284,14.7617083679219,0.0323803555184691,1.4444049478619,0.830644542709464,53.9139588418337,68.5396832741448,0,0,0.19,0.68,1.26,1.81,2.56,9.21,16.73,20.64,23.45,25.54,27.54,29.32,30.77,32.17,33.86,36.03,39.69,31.0057663678384,32.7408775020641,35.7956872509313,41.5295501973047,51.1815528237,64.7230908251692,82.6917951151648,92.9431879497864,99.2588884627136,5156144561,32767,29822.5766134163,982.780586419728,0.0730010723214023,2.04575127620847,10.9794852200615,11.0927519628944,30.1988002581916,49.9720684421672,69.7787832058419,89.881983760773,44.4411026409245,35.183407174338,16.0416208775319,3.79770263861094,0.499149768065983,10.917672099668,172894,5045.5790999889,"ULO"
"ULO_237__295",44.01,17.2461289874809,14.9779425551149,0.0872699174997337,1.40470630009878,0.840410556962585,52.4926298533903,66.5269753975913,0,0,0.05,0.21,0.76,1.48,2.32,6.07,14.18,19.08,22.21,25,27.35,29.42,31.13,32.85,34.88,36.96,39.25,28.5815205289063,32.1659205565495,35.0753660802727,39.4859902788123,47.3612273575416,56.6040343696969,69.8305319010067,83.5046955026069,95.1125308106365,4519114661,32895,29871.3341683963,1022.30399374692,0.0973937002874978,2.07509153428586,13.943644613358,14.0842186300968,30.37727227519,50.0950900745468,69.8238441974332,89.8480744257442,45.5752680353767,34.9358169295242,15.3662599315204,3.61038033922504,0.47063178350938,13.7785386618722,151286,4141.56180000135,"ULO"
"ULY_O_27__301",58.44,19.5658260499961,19.2800119009825,0.231722117525874,1.38771559608531,0.720406613470815,49.1592062269213,56.573599341179,0,0,0,0,0,0.22,0.46,0.94,4.64,17.75,25.43,29.98,33.69,36.12,38.39,40.38,42.39,44.91,48.61,27.2959183673469,30.0878684807256,33.2093253968254,37.5602324263039,45.5569727891156,57.0401077097506,75.2196712018141,90.2388038548753,97.4312641723356,1125249173,32603,29892.6539595675,1163.65148523484,0.0804463354001574,1.97051240864201,25.3384911396864,25.5749211734813,30.7093580952136,50.6963833156267,70.2757030153356,90.0437926382728,47.4537098530935,34.5323167654013,14.4674972770502,3.17190447095077,0.353319342241585,24.7854846850676,37643,3851.51500000228,"ULY"
"ULY_O_27__302",50.6,14.2084312478316,15.6456785918109,0.51487365218537,1.63873607353605,0.703489112861548,43.8707066034463,52.4921938244478,0,0,0,0,0,0.16,0.35,0.67,1.12,4.61,12.103,18.886,22.63,26.1,30.0275,32.56,34.66,37.367,40.4535,33.6707882534776,38.3153013910355,42.2024729520866,49.0417310664606,58.0989180834621,67.3647604327666,81.6151468315301,93.3462132921175,99.5054095826893,516724191,32649,29878.8129409044,1126.90485664923,0.0505015359695869,1.98493233645358,25.3572374357832,25.6603138210729,30.7170296580909,50.6653523407423,70.3418470299565,90.0600670735774,45.5649358158899,36.3767780733202,14.6120041632936,3.10512316410316,0.312247022088586,24.8698970741298,17294,3129.90440000486,"ULY"
"ULY_O_27__303",57,20.3226645501448,17.9813647859598,0.0743327196939354,1.36590223352508,0.780712598832067,51.8415632027515,63.8188105901695,0,0,0,0.1,0.31,0.67,1.39,7.61,15.82,22.45,26.39,30.08,33.53,35.63,37.58,39.38,41.13,43.28,46.53,25.3837453546615,29.4739514807377,33.8573044341343,39.4017034831383,48.8955058513953,58.71477044526,77.1160815271334,92.1265840315768,99.7599427555802,1580749650,32783,29872.2461590793,1235.0904448871,0.0546836261716174,2.00856354500456,18.2698897956422,18.4701985542113,30.6229005965619,50.5711984816824,70.2130343030599,90.0016214458754,46.765689664947,33.8001020466013,14.9989606364684,3.75304722489937,0.617948863314247,17.929965795491,52917,3792.6945000089,"ULY"
"ULY_O_27__304",61.58,21.5145151517057,18.4053169225501,-0.0194904206653341,1.32820500004532,0.761650522470264,52.2801415542048,64.0784205266168,0,0,0,0.11,0.33,0.78,1.49,11.36,18.39,24.58,29.175,32.97,35.69,37.62,39.14,40.69,42.43,44.18,46.38,24.702758071247,28.0625213399598,33.7273796426268,39.6919458249554,48.3629879737471,61.3794150005691,84.3286922872643,98.2738343639744,99.9294358663075,4743929525,32846,29818.9685463037,1246.91386657746,0.0779363271996637,2.0242737591305,17.3927951216771,17.546842561916,30.6689955306619,50.6161693453909,70.1535815500969,89.9852191627994,48.0806582396239,32.8880954925169,14.3251346713516,3.94051203399312,0.672571044245118,17.0066188533607,159091,4488.09480003036,"ULY"
"ULY_O_27__305",0.48,0.0967741935483871,0.154884625808464,1.48526366882924,3.91588723285292,NA,29.0322580645161,0,0,0,0,0,0,0,0,0,0,0,0,0.0200000000000001,0.0650000000000001,0.0900000000000001,0.145,0.24,0.26,0.290000000000001,0.47,9.09090909090909,36.3636363636364,45.4545454545455,54.5454545454545,54.5454545454545,81.8181818181818,90.9090909090909,90.9090909090909,90.9090909090909,972619,32298,31374.8064516129,931.960207281936,-1.77329163919244,5.53756872490341,57.3448596007275,57.3448596007275,57.3448596007275,57.3448596007275,70.4433082224386,90.1950301197077,74.1935483870968,25.8064516129032,0,0,0,58.0645161290323,31,4.59780000017635,"ULY"
